"Peptide.ID","Sequence","C.terminal.modification","N.terminal.modification","Peptide.Type","Type.of.Modification","Source..Databases.","Link.to.Source","Major.Functions","Sub.functions","Additional.Info","Helix","Strand","Coil","Turn","DSSP.states"
"satpdb10002","RRRRRRR-Acp-LDPAFR","Free","Free","Linear","Acp: epsilon-aminocaproic acid residue","1 (avpdb)","avpdb_MAVP169, ","2 (antiviral, antimicrobial,)","NA","NA,","NA","NA","NA","NA","NA"
"satpdb10003","RRWPWWPWKWPLI","Amidation","Free","Linear","None","1 (hemolytik)","hemolytik_1490, ","3 (antibacterial, toxic, antimicrobial,)","hemolytic","NA,","0","0","69.2","30.8","CCCSSSCCCCSCC"
"satpdb10004","SCDSEFSSEFCEQPEERICSCSTHVCCHLSSSKRDQCMTWNRCLSAQTGN","Free","Free","Linear","None","1 (conoserver)","conoserver_P03859, conoserver_P03861, conoserver_P03877, conoserver_P05396, ","1 (miscellaneous,)","NA","NA,","0","0","46","54","CCCTTSSSSCCCSSSSCCCCCCSSCCCCCTTCCSSSSTTTTSSCTTTCCC"
"satpdb10005","KWKKLLKKPPPLLKKLLKKL","Amidation","Free","Linear","None","1 (cancerppd)","cancerppd_3356, cancerppd_3357, cancerppd_3358, ","4 (anticancer, antibacterial, antimicrobial, antifungal,)","NA","NA,","20","0","25","55","CTTSSCSSCCHHHHTTTTTC"
"satpdb10006","FLGMIPKLIKKLIKAFK","Amidation","Free","Linear","None","1 (cancerppd)","cancerppd_3135, cancerppd_3136, cancerppd_3137, cancerppd_3138, cancerppd_3139, ","2 (anticancer, antimicrobial,)","NA","NA,","41.2","0","23.5","35.3","CTTCTHHHHHHHTTSCC"
"satpdb10007","HQK","Free","Free","Linear","None","1 (ahtpdb)","ahtpdb_6085, ","1 (antihypertensive,)","NA","NA,","0","0","100","0","CCC"
"satpdb10008","FAKKLKKLAKLAKKL","Amidation","Free","Linear","None","1 (cancerppd)","cancerppd_1798, cancerppd_1950, cancerppd_2102, cancerppd_2254, cancerppd_2406, cancerppd_2549, cancerppd_2692, ","1 (anticancer,)","NA","NA,","66.7","0","13.3","20","CGGGHHHHTTTGGGC"
"satpdb10009","CCHPACGKHFSC","Free","Free","Linear","None","1 (conoserver)","conoserver_P05533, ","1 (miscellaneous,)","NA","NA,","0","0","33.3","66.7","CCCTTTTSTTTC"
"satpdb10010","AVKPPWRCKAAFC","Free","Free","Linear","None","1 (dadp)","dadp_1544-SP_E1B238, ","1 (antimicrobial,)","NA","NA,","0","0","69.2","30.8","CCCCCCSSSCSCC"
"satpdb10011","PLVEGQLGENNELRL","Free","Free","Linear","None","1 (avpdb)","avpdb_AVP0796, ","2 (antiviral, antimicrobial,)","NA","NA,","0","0","60","40","CCSCCSSSCCCSSCC"
"satpdb10012","SVSGGGHHHHHHGGG","Free","Free","Linear","None","1 (antiangiopred)","antiangiopred_169, ","1 (anticancer,)","antiangiogenic","NA,","0","20","46.7","33.3","CCCBCSSCBTTTBCC"
"satpdb10013","EVVRNPQSCRWNMGVCIPISCPGNMRQIGTCFGPRVPCCR","Free","Free","Linear","None","2 (camp, yadamp)","camp_CAMPSQ336, yadamp_1687, ","2 (antibacterial, antimicrobial,)","NA","NA,","12.5","27.5","35","25","CCCCCCHHHHHTTCEECSSCCCTTCCEEEEETTTTEEEEC"
"satpdb10014","LRW","Free","Free","Linear","None","1 (ahtpdb)","ahtpdb_1989, ahtpdb_6489, ","1 (antihypertensive,)","NA","NA,","0","0","100","0","CCC"
"satpdb10015","AFCNLRMCQLSCRSLGLLGKCIGDKCECVKH","Free","Free","Linear","None","1 (toxinpred)","toxinpred_136, ","1 (toxic,)","cytotoxic","NA,","32.3","25.8","25.8","16.1","CCCCHHHHHHHHHHTTCEEEECSSSEEEECC"
"satpdb10016","RA","Free","Free","Linear","None","1 (ahtpdb)","ahtpdb_1679, ahtpdb_2999, ahtpdb_3182, ahtpdb_3227, ahtpdb_3531, ahtpdb_3582, ahtpdb_3830, ahtpdb_4018, ahtpdb_4432, ahtpdb_4536, ahtpdb_4678, ahtpdb_6574, ","1 (antihypertensive,)","NA","NA,","0","0","100","0","CC"
"satpdb10017","DEKPKLILPTPAPPNLPQLVGGGGGNRKDGFGVSVDAHQKVWTSDNGGHS","Free","Free","Linear","None","1 (yadamp)","yadamp_2065, ","1 (antimicrobial,)","NA","NA,","0","12","48","40","CCTTCCBCCCCCSTTCCSBCCSCSCBTTCSSSCBCCCCCBBCTTSSSTTC"
"satpdb10018","CRSKGAKCSKLMYDCCSGSCSGTVGRC","Free","Free","Linear","None","2 (conoserver, toxinpred)","conoserver_P01837, toxinpred_519, ","1 (toxic,)","cytotoxic","NA,","0","0","33.3","66.7","CCSSCSCCSSCTTTTSTTSSCCSSTTC"
"satpdb10019","HAWNYIF","Free","Free","Linear","None","1 (hipdb)","hipdb_HIP90, ","2 (antiviral, antimicrobial,)","NA","NA,","0","0","85.7","14.3","CCCCSCC"
"satpdb10020","GKFSVFSKILRSIAKVFKGVGKVRKGFKTASDLDKNQ","Free","Free","Linear","None","2 (apd2, yadamp)","apd2_AP00776, yadamp_1566, ","1 (antimicrobial,)","NA","NA,","94.6","0","5.4","0","CHHHHHHHHHHHHHHHHHHHHHHHHHHHHHHHHHHHC"
"satpdb10021","IICAPEGGPCVAGIGCCAGLRCSGAKLGLAGSCQ","Free","Free","Linear","None","1 (toxinpred)","toxinpred_1244, ","1 (toxic,)","cytotoxic","NA,","0","0","64.7","35.3","CCCCCSSCCCCTTCCCCTTCCCCCSSSSSSCCCC"
"satpdb10022","RKLRRLKRKIAHKVKKY","Amidation","Free","Linear","None","1 (hemolytik)","hemolytik_1050, ","2 (toxic, antimicrobial,)","hemolytic","NA,","64.7","0","17.6","17.6","CTHHHHHHHHHHHSSCC"
"satpdb10023","ILPLVGNLLNDLL","Amidation","Free","Linear","None","2 (apd2, dadp)","apd2_AP00869, dadp_2460-SP_P83307, ","2 (antibacterial, antimicrobial,)","anti-gram+, anti-gram-","NA,","0","0","38.5","61.5","CTTTTTTTTCCCC"
"satpdb10024","CMQSAAAHC","Free","Free","Linear","None","1 (avpdb)","avpdb_AVP0917, ","2 (antiviral, antimicrobial,)","NA","NA,","66.7","0","22.2","11.1","CGGGGGGTC"
"satpdb10025","CHNLKRPTC","Free","Free","Linear","None","1 (avpdb)","avpdb_AVP0524, ","2 (antiviral, antimicrobial,)","NA","NA,","0","0","100","0","CCCCCCCCC"
"satpdb10026","GTRCGETCFVLPCWSAKFGCYCQKGFCYRN","Free","Free","Cyclic","None","1 (apd2)","apd2_AP01916, ","2 (antibacterial, antimicrobial,)","anti-gram+, anti-gram-","NA,","0","6.7","56.7","36.7","CCSSSSCCCCBCCCCCCSSSCCSCSSCSBC"
"satpdb10027","GRKKRRQRRRPP","Free","Fluorescein-tagged","Linear","None","1 (cppsite)","cppsite_1842, ","1 (drug delivery vehicle,)","cell penetrating peptide","NA,","NA","NA","NA","NA","NA"
"satpdb10028","HSDGTFTSELSRLREGARLQRLLQGLV","Free","Free","Linear","None","1 (neuropedia)","neuropedia_261-P09683, ","1 (cell-cell communication,)","NA","NA,","29.6","0","25.9","44.4","CCSTTTHHHHTTTTCTTCSCCGGGGTC"
"satpdb10029","TLGEWYNQTKDLQQKFYEIIMDIEQNNVQGKKG","Amidation","Acetylation","Linear","None","1 (avpdb)","avpdb_MAVP157, ","2 (antiviral, antimicrobial,)","NA","NA,","93.9","0","6.1","0","CHHHHHHHHHHHHHHHHHHHHHHHHHHHHHHHC"
"satpdb10030","GIWDTIKSMGKVFAGKILQN","Free","Free","Linear","None","1 (camp)","camp_CAMPSQ3009, ","3 (antibacterial, antimicrobial, antifungal,)","NA","NA,","45","0","35","20","CCTHHHHTHHHHHTCCCSCC"
"satpdb10031","PFP","Free","Free","Linear","None","1 (ahtpdb)","ahtpdb_2276, ahtpdb_4315, ahtpdb_4570, ahtpdb_4827, ahtpdb_5484, ","1 (antihypertensive,)","NA","NA,","0","0","100","0","CCC"
"satpdb10032","PG","Free","Free","Linear","None","1 (ahtpdb)","ahtpdb_1493, ahtpdb_3060, ahtpdb_3143, ahtpdb_3151, ahtpdb_3257, ahtpdb_3428, ahtpdb_3524, ahtpdb_3613, ahtpdb_3827, ahtpdb_4001, ahtpdb_4395, ahtpdb_4533, ahtpdb_4669, ahtpdb_6612, ","1 (antihypertensive,)","NA","NA,","0","0","100","0","CC"
"satpdb10033","GAKTETLVIPETELEAC","Free","Free","Linear","None","1 (hipdb)","hipdb_HIP387, ","2 (antiviral, antimicrobial,)","NA","NA,","0","11.8","52.9","35.3","CCCCBTTBCTTTSCCCC"
"satpdb10034","GLPALISLIKRKRQQ","Amidation","Free","Linear","None","1 (hemolytik)","hemolytik_2364, ","3 (antibacterial, toxic, antimicrobial,)","hemolytic","NA,","60","0","26.7","13.3","CCTTHHHHHHHHHCC"
"satpdb10035","GRRPMKLNKTP","Free","Free","Linear","None","1 (tumorhope)","tumorhope_1157, ","1 (drug delivery vehicle,)","tumor homing peptide","NA,","0","0","81.8","18.2","CCCSSCCCCCC"
"satpdb10036","ILMCFSIDS","Free","Free","Linear","None","1 (avpdb)","avpdb_AVP1958, ","2 (antiviral, antimicrobial,)","NA","NA,","0","0","55.6","44.4","CCTTSCSCC"
"satpdb10037","MPRYRLFRRIDRVGK","Free","Free","Linear","None","1 (parapep)","parapep_1054, ","2 (antiparasitic, antimicrobial,)","antiplasmodial","NA,","0","0","20","80","CTTSTTSTTTTTTCC"
"satpdb10038","QIISRDLISH ","Amidation","FITC labeling","Linear","None","1 (cppsite)","cppsite_1602, ","1 (drug delivery vehicle,)","cell penetrating peptide","NA,","NA","NA","NA","NA","NA"
"satpdb10039","CKQSCSFGPFTFVCDGNTK","Free","Free","Linear","D residue at position 15 is hydroxylated","1 (apd2)","apd2_AP01593, ","2 (antibacterial, antimicrobial,)","anti-gram+","NA,","NA","NA","NA","NA","NA"
"satpdb10040","ACGWAGIKQEF","Free","Free","Linear","None","1 (hipdb)","hipdb_HIP159, ","2 (antiviral, antimicrobial,)","NA","NA,","0","27.3","36.4","36.4","CBTTBSSBCCC"
"satpdb10041","GDCSCEGQICKCGYRVSPGKSGCACTCRNAK","Free","Free","Linear","None","2 (conoserver, toxinpred)","conoserver_P01109, toxinpred_1062, ","1 (toxic,)","cytotoxic","NA,","0","22.6","41.9","35.5","CCCCBSSSBCCSSSEECCSSSSCBEECCSCC"
"satpdb10042","ECTRSGGACNSHTQCCDHFCSTATSTCI","Free","Free","Linear","None","2 (conoserver, toxinpred)","conoserver_P03842, conoserver_P03848, toxinpred_819, ","1 (toxic,)","cytotoxic","NA,","14.3","14.3","32.1","39.3","CCEETTEECCTTCCTTTTTCHHHHTTCC"
"satpdb10043","VIPFVASVAAEMMQHVYCAASKKC","Free","Free","Linear","None","4 (apd2, camp, dadp, yadamp)","apd2_AP01303, apd2_AP01821, camp_CAMPSQ4238, camp_CAMPSQ710, dadp_1564-SP_E1B259, dadp_1755-SP_E3SZH8, dadp_1756-SP_E3SZH9, dadp_582-SP_A6MBQ1, dadp_583-SP_A6MBQ6, dadp_584-SP_A6MBQ7, dadp_585-SP_A6MBQ8, dadp_586-SP_A6MBQ9, dadp_587-SP_A6MBR0, dadp_659-SP_B4ERK3, yadamp_876, ","4 (antibacterial, toxic, antimicrobial, antifungal,)","anti-gram+, cytotoxic, anti-gram-","NA,","33.3","0","33.3","33.3","CCSCSSCSSGGGSCTHHHHHSCCC"
"satpdb10044","ZDDRTFPCNSGRCACQPLDSYSYTCQSPSSSTANCKNNVCVSEADW","Free","Free","Linear","Z=pyroglutamic acid","1 (conoserver)","conoserver_P04145, ","1 (miscellaneous,)","NA","NA,","NA","NA","NA","NA","NA"
"satpdb10045","DEMEEC","Free","Acetylation","Linear","None","1 (avpdb)","avpdb_MAVP187, avpdb_MAVP233, avpdb_MAVP518, avpdb_MAVP520, ","2 (antiviral, antimicrobial,)","NA","NA,","66.7","0","33.3","0","CHHHHC"
"satpdb10046","GCCSNPVCHLAHSNAC","Amidation","Free","Linear","None","1 (conoserver)","conoserver_P04392, ","1 (miscellaneous,)","NA","NA,","0","0","37.5","62.5","CCSSCSSSCSSSSSCC"
"satpdb10047","MG","Free","Free","Linear","None","1 (ahtpdb)","ahtpdb_1484, ahtpdb_3242, ahtpdb_3424, ahtpdb_3521, ahtpdb_3812, ahtpdb_3996, ahtpdb_4411, ahtpdb_4518, ahtpdb_4683, ahtpdb_6595, ","1 (antihypertensive,)","NA","NA,","0","0","100","0","CC"
"satpdb10048","AGVEAIIRILQQLLF","Free","Free","Linear","None","1 (hipdb)","hipdb_HIP1056, ","2 (antiviral, antimicrobial,)","NA","NA,","53.3","0","20","26.7","CCTTHHHHHHHHTTC"
"satpdb10049","ACVPVYKECWYPQKPCCEDRVCQCSFGMTN","Free","Free","Linear","None","1 (toxinpred)","toxinpred_101, ","1 (toxic,)","cytotoxic","NA,","0","6.7","36.7","56.7","CCSCCCCSSSTTSTTSCBTTBCCSSSSSCC"
"satpdb10050","GLLSGILGTGKHIVCGLSGLC","Free","Free","Linear","None","1 (dadp)","dadp_463-SP_A6MB27, ","1 (antimicrobial,)","NA","NA,","0","0","38.1","61.9","CCCCTTTTTCTTSCCSSSTTC"
"satpdb10051","ILGPVISTIGGVLGGLLKNL","Amidation","Free","Linear","None","3 (apd2, dadp, hemolytik)","apd2_AP00832, dadp_1087-SP_C3RSU1, dadp_1089-SP_C3RSU2, dadp_1116-SP_C3RSV6, dadp_1118-SP_C3RSV7, dadp_1124-SP_C3RSW0, dadp_1130-SP_C3RSW3, dadp_1152-SP_C3RSX4, dadp_1154-SP_C3RSX5, dadp_1156-SP_C3RSX6, dadp_1162-SP_C3RSX9, dadp_1166-SP_C3RSY1, dadp_1186-SP_C3RSZ1, dadp_1237-SP_C3RTJ2, dadp_1267-SP_C3RTK8, dadp_2443-SP_P83080, dadp_2445-SP_P83081, dadp_2824-SP_Q58T41, dadp_2870-SP_Q58T74, dadp_684-SP_B5L0Z6, dadp_687-SP_B5L0Z9, dadp_695-SP_B5L105, dadp_703-SP_B5L116, dadp_727-SP_B5L141, dadp_729-SP_B5L143, dadp_735-SP_B5L153, dadp_745-SP_B5L160, dadp_747-SP_B5L161, dadp_986-SP_C3RSP0, hemolytik_3428, ","6 (anticancer, antibacterial, antiviral, toxic, antimicrobial, antifungal,)","hemolytic, anti-gram+, cytotoxic, anti-gram-","NA,","35","0","20","45","CCSSSCTTTTSTHHHHGGGC"
"satpdb10052","CRGSGAGRC","Free","Free","Linear","None","1 (tumorhope)","tumorhope_1731, ","1 (drug delivery vehicle,)","tumor homing peptide","NA,","0","0","44.4","55.6","CCSSSSSCC"
"satpdb10053","GSVFNCGETCVLGTCYTPGCTCNTYRVCTKD","Free","Free","Linear","None","2 (apd2, phytamp)","apd2_AP01132, phytamp_PHYT00205, ","1 (antimicrobial,)","NA","NA,","0","19.4","35.5","45.2","CCSTTSCCBCSSSCCSSTTEECCSSSBCEEC"
"satpdb10054","KWllLLKlLlLK","Amidation","Free","Linear","None","1 (hemolytik)","hemolytik_3758, ","2 (toxic, antimicrobial,)","hemolytic","NA,","58.3","0","25","16.7","CHHHHHHHTTCC"
"satpdb10055","PGG","Free","Free","Linear","None","1 (ahtpdb)","ahtpdb_4579, ahtpdb_4869, ahtpdb_5493, ","1 (antihypertensive,)","NA","NA,","0","0","100","0","CCC"
"satpdb10056","LDTIKCLQGNNNCHIQKCPWFLLQVSTCYKGKGRCCQKRRWFARSHVYHV","Free","Free","Linear","None","1 (camp)","camp_CAMPSQ677, ","2 (antibacterial, antimicrobial,)","NA","NA,","10","28","38","24","CCHHHHHTTTCEEESSCCCSSCEEEEEETTTTEEEEECCCCCCSCCCCCC"
"satpdb10057","FYDPLVFPSDEFDASISQVNEKINQSLAFIRKSDE","Free","Free","Linear","None","1 (avpdb)","avpdb_AVP0130, avpdb_AVP1327, ","2 (antiviral, antimicrobial,)","NA","NA,","74.3","0","20","5.7","CCCSSCCCHHHHHHHHHHHHHHHHHHHHHHHHHHC"
"satpdb10058","GΔFRKΔFHKΔFWA","Amidation","Acetylation","Linear","ΔF=Didehydrophenylalanine","1 (parapep)","parapep_1207, parapep_1208, ","2 (antiparasitic, antimicrobial,)","antiplasmodial","NA,","NA","NA","NA","NA","NA"
"satpdb10059","KKKKVVAPTYVFV","Free","Free","Linear","None","1 (avpdb)","avpdb_AVP0271, ","2 (antiviral, antimicrobial,)","NA","NA,","0","0","61.5","38.5","CCCCSSSCCSSCC"
"satpdb10060","TLPSPLALLTVH","Free","Free","Linear","None","1 (cppsite)","cppsite_1697, ","1 (drug delivery vehicle,)","cell penetrating peptide","NA,","0","0","58.3","41.7","CCCCSSSSCSCC"
"satpdb10061","KWKLFKKGIGAVLKV","Free","Free","Linear","None","2 (camp, yadamp)","camp_CAMPSQ1033, yadamp_308, ","2 (antibacterial, antimicrobial,)","NA","NA,","0","0","60","40","CCCSCCSSSTTCCCC"
"satpdb10062","SGCCVIDSNCC","Amidation","Free","Linear","None","1 (conoserver)","conoserver_P02715, ","1 (miscellaneous,)","NA","NA,","0","18.2","45.5","36.4","CCBTTBCSSCC"
"satpdb10063","ALEP","Free","Free","Linear","None","1 (ahtpdb)","ahtpdb_4875, ahtpdb_6757, ","1 (antihypertensive,)","NA","NA,","0","0","100","0","CCCC"
"satpdb10064","GDCGGTCTWTKDCSICPSWSCWSWSC","Free","Free","Linear","None","1 (apd2)","apd2_AP02524, ","2 (antibacterial, antimicrobial,)","anti-gram+","NA,","0","0","34.6","65.4","CCCSTTSSCSSCSSSCSSSSCCSTTC"
"satpdb10065","CVNWKKILGKIIKVVK","Free","Free","Linear","None","1 (baamps)","baamps_145, ","1 (antimicrobial,)","NA","NA,","50","0","31.2","18.8","CCCHHHHHHHHTSSCC"
"satpdb10066","RRLHPQHQRFPRERPWPKPLSLPLPRPGPRPWPKPL","Free","Free","Linear","None","2 (apd2, yadamp)","apd2_AP01288, yadamp_1506, ","2 (antibacterial, antimicrobial,)","anti-gram+, anti-gram-","NA,","0","0","83.3","16.7","CCCCCCCCCCCSSCCCSSCCCCCCCCCCCCCCSSCC"
"satpdb10067","MLQNSAVLLLLVISASA","Free","Free","Linear","None","1 (antiangiopred)","antiangiopred_108, ","1 (anticancer,)","antiangiogenic","NA,","17.6","0","47.1","35.3","CCCCSSSGGGTCCSSCC"
"satpdb10068","CVKRGLKLRHVRPRVTRDV","Free","Free","Linear","None","1 (cppsite)","cppsite_1550, ","1 (drug delivery vehicle,)","cell penetrating peptide","NA,","0","0","57.9","42.1","CCCCCSSCCSSSSCCSSCC"
"satpdb10069","KKlFKKILKYL","Amidation","Free","Linear","None","1 (hemolytik)","hemolytik_2854, ","2 (toxic, antimicrobial,)","hemolytic","NA,","0","0","45.5","54.5","CCCTTTTTSCC"
"satpdb10070","KQNAANILRLKESIAATNEAVHEV","Free","Free","Linear","None","1 (avpdb)","avpdb_AVP1832, ","2 (antiviral, antimicrobial,)","NA","NA,","25","0","33.3","41.7","CCGGGCCSSSTTTTTSSCGGGCCC"
"satpdb10071","QLGLQDPPHMVADLSKKQGPWVEEEEAAYGWMDF","Free","Free","Linear","None","1 (neuropedia)","neuropedia_96-P01352, ","1 (cell-cell communication,)","NA","NA,","32.4","0","44.1","23.5","CCCCSCCCCSTTCCHHHHSSSSHHHHHHHCCCCC"
"satpdb10072","TCLARDELCGASFLSNFLCCDGLCLLICV","Free","Free","Linear","None","2 (conoserver, toxinpred)","conoserver_P04212, toxinpred_1876, ","1 (toxic,)","cytotoxic","NA,","24.1","0","31","44.8","CGGGSSCSSCSTTTCSSSSCCSHHHHCCC"
"satpdb10073","MDIIIIVGG","Free","Free","Linear","None","1 (quorumpeps)","quorumpeps_300, ","1 (cell-cell communication,)","quorum sensing","NA,","66.7","0","33.3","0","CCGGGGGGC"
"satpdb10074","ERVCCGYPMSCKSRACKPSYCC","Free","Free","Linear","None","1 (toxinpred)","toxinpred_846, ","1 (toxic,)","cytotoxic","NA,","0","9.1","54.5","36.4","CCSSCSCSSSCBCCCSSCCCBC"
"satpdb10075","MEPECNLNCTD ","Free","Free","Linear","None","1 (antiangiopred)","antiangiopred_106, ","1 (anticancer,)","antiangiogenic","NA,","0","0","54.5","45.5","CCSSSCSSCCC"
"satpdb10076","FLSLIPHAINAVSAIAKHS","Amidation","Free","Linear","None","2 (apd2, dadp)","apd2_AP00760, dadp_2521-SP_P84570, ","2 (antibacterial, antimicrobial,)","anti-gram+, anti-gram-","NA,","63.2","0","10.5","26.3","CGGGSHHHHHHHHHTTTTC"
"satpdb10077","FLWGLIPGAISAVTSLIKK","Free","Free","Linear","None","1 (camp)","camp_CAMPSQ4384, ","3 (antibacterial, antimicrobial, antifungal,)","NA","NA,","52.6","0","31.6","15.8","CGGGCCCHHHHHHHTTTCC"
"satpdb10078","IPQEVLP","Free","Free","Linear","None","1 (ahtpdb)","ahtpdb_6019, ahtpdb_6319, ahtpdb_6844, ","1 (antihypertensive,)","NA","NA,","0","0","100","0","CCCCCCC"
"satpdb10079","VRLIWAVRIWRR","Free","Free","Linear","None","1 (baamps)","baamps_170, ","1 (antimicrobial,)","NA","NA,","0","0","58.3","41.7","CCCCTTTSSCCC"
"satpdb10080","HY","Free","Free","Linear","None","1 (ahtpdb)","ahtpdb_1144, ahtpdb_1369, ahtpdb_1916, ahtpdb_3203, ahtpdb_3498, ahtpdb_3943, ahtpdb_4077, ahtpdb_4240, ahtpdb_4734, ahtpdb_4960, ahtpdb_5154, ahtpdb_5593, ahtpdb_6150, ahtpdb_6413, ","1 (antihypertensive,)","NA","NA,","0","0","100","0","CC"
"satpdb10081","CCQIVPQCC(Gla)WN","Free","Free","Linear","Gla=Gamma carboxylic glutamic acid","1 (conoserver)","conoserver_P02695, ","1 (miscellaneous,)","NA","NA,","NA","NA","NA","NA","NA"
"satpdb10082","SDHSESIQKKFQLMKEHVNKIGVDS","Free","Free","Linear","None","1 (avpdb)","avpdb_AVP0464, ","2 (antiviral, antimicrobial,)","NA","NA,","28","0","28","44","CCSSCSSTHHHHSSCGGGSTTSCCC"
"satpdb10083","VGSGGCMFGNGK","Free","Free","Linear","None","1 (antiangiopred)","antiangiopred_191, ","1 (anticancer,)","antiangiogenic","NA,","0","0","41.7","58.3","CCSSSCCTTTTC"
"satpdb10084","YGGFMTSEKSQTPLVTLFKNAIIKNVHKKGQ","Free","Free","Linear","None","1 (neuropedia)","neuropedia_835-P01194, ","1 (cell-cell communication,)","NA","NA,","35.5","0","45.2","19.4","CCSCCCCCSSCCSTHHHHHHHHHHHCCCSCC"
"satpdb10085","KWKLFKKIGAVLKVL","Carboxamide","Lysine N-trimethylation","Linear","Lysine Nε-Trimethylation","1 (parapep)","parapep_1469, parapep_1470, parapep_1471, parapep_1472, parapep_1473, parapep_1474, parapep_1475, parapep_1476, parapep_1477, parapep_1478, parapep_1479, parapep_1480, parapep_1481, parapep_1482, parapep_1483, parapep_1484, parapep_1485, parapep_1486, parapep_1487, parapep_1488, ","2 (antiparasitic, antimicrobial,)","antiplasmodial, antileishmania","NA,","66.7","0","20","13.3","CCSSHHHHHHHHHHC"
"satpdb10086","ACWWAGIAQEF","Free","Free","Linear","None","1 (hipdb)","hipdb_HIP164, ","2 (antiviral, antimicrobial,)","NA","NA,","0","18.2","27.3","54.5","CTBTTBSSSCC"
"satpdb10087","KVVKQWPIGKVVKKVVKKVVK","Free","Free","Linear","None","1 (yadamp)","yadamp_2278, ","1 (antimicrobial,)","NA","NA,","52.4","0","33.3","14.3","CCSSCCSCHHHHHHHHHHHCC"
"satpdb10088","KRDPQQREYEDCRRRCEQQEPRQQYQCQRRCREQQ","Free","Free","Linear","None","1 (phytamp)","phytamp_PHYT00264, ","3 (antibacterial, antimicrobial, antifungal,)","NA","NA,","71.4","0","17.1","11.4","CCCGGGTHHHHHHHHHHHSCTTHHHHHHHHHHHCC"
"satpdb10089","TTN","Free","Free","Linear","None","1 (ahtpdb)","ahtpdb_1555, ahtpdb_3728, ahtpdb_5089, ahtpdb_6630, ","1 (antihypertensive,)","NA","NA,","0","0","100","0","CCC"
"satpdb10090","LHCHEISDLTPWILCSPEPLCGGKGCCAQEVCDCSGPVCTCPPCL","Free","Free","Linear","None","1 (conoserver)","conoserver_P04545, conoserver_P04546, conoserver_P04654, ","1 (miscellaneous,)","NA","NA,","0","0","46.7","53.3","CCTTTSCSCCCSSCCCSSSCSCSSSCCSTTSCCSSSSSCCCCSCC"
"satpdb10091","MPLSWFFPRTWGKR","Free","Free","Linear","None","1 (yadamp)","yadamp_2150, ","1 (antimicrobial,)","NA","NA,","0","0","28.6","71.4","CCTTSSSTTSSSCC"
"satpdb10092","FRIRVRV","Free","Free","Linear","None","1 (baamps)","baamps_128, ","1 (antimicrobial,)","NA","NA,","0","0","57.1","42.9","CCSSSCC"
"satpdb10093","KFPKFRRGIPFLFV","Free","Free","Linear","None","1 (parapep)","parapep_1405, parapep_1530, ","2 (antiparasitic, antimicrobial,)","antiplasmodial","NA,","0","0","71.4","28.6","CCCCCCSSCTTCCC"
"satpdb10094","GLWRALWRLLRSLWRLLWRA","Cysteamide at C-Terminus (FITC labelling)","Acetylation","Linear","None","1 (cppsite)","cppsite_1420, ","1 (drug delivery vehicle,)","cell penetrating peptide","NA,","NA","NA","NA","NA","NA"
"satpdb10095","SDGRDDEAKDKRSDMYESDRNGRCCHPSCGRKYNCGR","Free","Free","Linear","None","1 (conoserver)","conoserver_P00458, ","1 (miscellaneous,)","NA","NA,","16.2","0","54.1","29.7","CCSCCCSCCSCCCCCSCSSSCCCTTSHHHHHHSCCCC"
"satpdb10096","GWKIGKKLEHHGQNIRDGLISAGPAVFAVGQAATIYAAAK","Free","Free","Linear","None","3 (apd2, camp, yadamp)","apd2_AP00561, camp_CAMPSQ3004, yadamp_1732, ","2 (antibacterial, antimicrobial,)","anti-gram+, anti-gram-","NA,","77.5","0","17.5","5","CHHHHHHHHHHHHHHHHHHHHTCCHHHHHHHHHHHSCCCC"
"satpdb10097","GPIRRPKPRPRQRPE","Free","Free","Linear","None","1 (yadamp)","yadamp_2199, ","1 (antimicrobial,)","NA","NA,","0","0","53.3","46.7","CCSSCCSSSCCSSCC"
"satpdb10098","RIPTGERVWDRGNVTLLCDC","Free","Free","Linear","None","1 (hipdb)","hipdb_HIP694, ","2 (antiviral, antimicrobial,)","NA","NA,","0","0","50","50","CCSSCCCSSCSSSSCCSSCC"
"satpdb10099","MEHFRW","Free","Free","Linear","None","1 (brainpeps)","brainpeps_97, ","1 (drug delivery vehicle,)","blood brain barrier","NA,","0","0","83.3","16.7","CCSCCC"
"satpdb10100","CSAPFTKSC","Free","Free","Linear","None","1 (avpdb)","avpdb_AVP0941, ","2 (antiviral, antimicrobial,)","NA","NA,","0","0","77.8","22.2","CCCSSCCCC"
